<?xml version="1.0" encoding="UTF-8" ?>
<!DOCTYPE mapper
PUBLIC "-//mybatis.org//DTD Mapper 3.0//EN"
"http://mybatis.org/dtd/mybatis-3-mapper.dtd">
<mapper namespace="com.crm.dao.DongtaixinxiMapper">

<!-- 根据id查询动态信息 --> 
	   <resultMap type="dongtaixinxi" id="mapdongtaixinxi"> 
		   	<id column="dt_id" property="dt_id"/>
		   	<result column="dt_studentName" property="dt_studentName"/>
		   	<result column="dt_time" property="dt_time"/>
		   	<result column="dt_yid" property="dt_yid"/>
		   	<result column="dt_content" property="dt_content"/>
		   	<result column="dt_state" property="dt_state"/>  
		   	<result column="y_name" property="yonghu.y_name"/>  
	   </resultMap>
	<select id="selectDongtaixinxiByY_id" parameterType="fenye" resultMap="mapdongtaixinxi">
		SELECT dt.*,y.y_name
		FROM dongtaixinxi dt,yonghu y
		WHERE dt.dt_yid=y.y_id and dt.dt_state=1 and dt.dt_yid=#{dt_yid}
		order by dt.dt_id desc
		limit #{page},#{pageSize}
	</select>
	<!--  * 查询动态信息总条数 -->  
	<select id="selectDongtaixinxiCount" parameterType="fenye" resultType="_int">
		SELECT count(*)
		FROM dongtaixinxi dt,yonghu y
		WHERE dt.dt_yid=y.y_id and dt.dt_state=1 and dt.dt_yid=#{dt_yid}
	</select>
	<select id="selectDongtailishixinxiByY_id" parameterType="fenye" resultMap="mapdongtaixinxi">
		SELECT dt.*,y.y_name
		FROM dongtaixinxi dt,yonghu y
		WHERE dt.dt_yid=y.y_id and dt.dt_state=2 and dt.dt_yid=#{dt_yid}
		order by dt.dt_id desc
		limit #{page},#{pageSize}
	</select>
	<!--  * 查询动态信息总条数 -->  
	<select id="selectDongtailishixinxiCount" parameterType="fenye" resultType="_int">
		SELECT count(*)
		FROM dongtaixinxi dt,yonghu y
		WHERE dt.dt_yid=y.y_id and dt.dt_state=2 and dt.dt_yid=#{dt_yid}
	</select>
	
	<!--  *新增动态信息 --> 
	<insert id="insertintoDongtaixinxi" parameterType="dongtaixinxi">
	 insert into dongtaixinxi(dt_studentName,dt_time,dt_yid,dt_content,dt_state)
	 	values(#{dt_studentName},#{dt_time},#{dt_yid},#{dt_content},#{dt_state})
	</insert>
	 
	 <!-- * 删除动态信息 -->
	  
	<delete id="deletelishixinxi" parameterType="dongtaixinxi">
		delete from dongtaixinxi 
		<where>
			<if test="dt_id != null and dt_id !=''">
				dt_id=#{dt_id}
			</if>
		</where>
	
	</delete>
	 <!-- * 修改动态信息 -->
	<update id="deleteDongtaixinxi" parameterType="dongtaixinxi">
		update dongtaixinxi
		<set>
			<if test="dt_state != null and dt_state !=''">dt_state=#{dt_state}</if>
		</set>
		<where>
			<if test="dt_id != null and dt_id !=''">
				dt_id=#{dt_id}
			</if>
		</where>
	
	</update>








</mapper>